client,decision,match,to,cc,bcc,inv_over_30,inv_upto_30,total_pending,file
ABC CLEANTECH PRIVATE LIMITED (MUMBAI),preview,exact,jay.mvbom@gmail.com,,,5,5,3550384.00,C:\_D-Drive\_Codes\ZTrash\bcsl-rpa-outstanding-files-v3 with sales email change\dist\outstanding_emails_output\client\ABC_CLEANTECH_PRIVATE_LIMITED_MUMBAI.eml
ABC CT RE PARK (01) PRIVATE LIMITED,skip:no-address,,,,,1,1,334530.00,
Abhyudaya Co-Op Bank Ltd,preview,exact,jay.mvbom@gmail.com,,,15,8,170581.00,C:\_D-Drive\_Codes\ZTrash\bcsl-rpa-outstanding-files-v3 with sales email change\dist\outstanding_emails_output\client\Abhyudaya_Co_Op_Bank_Ltd.eml
Aditya Birla Real Estate Limited (Century),preview,exact,jay.mvbom@gmail.com,,,0,2,4956.00,C:\_D-Drive\_Codes\ZTrash\bcsl-rpa-outstanding-files-v3 with sales email change\dist\outstanding_emails_output\client\Aditya_Birla_Real_Estate_Limited_Century.eml
AGRIBOARD INDUSTRIES LLP.,preview,exact,jay.mvbom@gmail.com,,,2,0,30585.00,C:\_D-Drive\_Codes\ZTrash\bcsl-rpa-outstanding-files-v3 with sales email change\dist\outstanding_emails_output\client\AGRIBOARD_INDUSTRIES_LLP.eml
A H WADIA TRUST,skip:no-address,,,,,1,0,6081.74,
Allcargo Logistics Ltd,skip:no-address,,,,,2,0,3540.00,
ALOK RAO,preview,exact,jay.mvbom@gmail.com,,,0,1,3776.00,C:\_D-Drive\_Codes\ZTrash\bcsl-rpa-outstanding-files-v3 with sales email change\dist\outstanding_emails_output\client\ALOK_RAO.eml
ALX SHIPPING AGENCIES INDIA PRIVATE LIMITED,skip:no-address,,,,,2,0,10856.00,
Ameya Logistics Pvt. Ltd.,preview,exact,jay.mvbom@gmail.com,,,0,2,78765.00,C:\_D-Drive\_Codes\ZTrash\bcsl-rpa-outstanding-files-v3 with sales email change\dist\outstanding_emails_output\client\Ameya_Logistics_Pvt_Ltd.eml
Apogeon Technologies Private Limited,skip:no-address,,,,,0,1,177000.00,
ARJAV CAPITAL SOLUTIONS PRIVATE LIMITED,skip:no-address,,,,,0,1,6785.00,
ASAN BUILDING SYSTEM LLP (NEW),skip:no-address,,,,,2,0,38232.00,
Ayushakti Ayurved Pvt. Ltd.,skip:no-address,,,,,5,2,652869.00,
BARE ASSOCIATES INDIA PVT LTD,skip:no-address,,,,,0,1,32354.00,
BOARD OF RADIATION & ISOTOPE TECHNOLOGY (BRIT),skip:no-address,,,,,0,1,129210.00,
BROOKFIELD RENEWABLE (OPERATING) INDIA PRIVATE LIMITED,skip:no-address,,,,,1,2,21771.00,
CANOFY TECHNOLOGIES PRIVATE LIMITED,skip:no-address,,,,,1,0,1888.00,
CAPTECH TECHNOLOGIES PRIVATE LIMITED,skip:no-address,,,,,2,2,1248920.00,
CELCIUS LOGISTICS SOLUTIONS PRIVATE LIMITED,skip:no-address,,,,,1,0,63905.80,
CENERGY OFFSHORE PRIVATE LIMITED,skip:no-address,,,,,1,0,28320.00,
"CENTER FOR SEMICONDUCTOR TECHNOLOGIES, (SEMIX)",skip:no-address,,,,,1,0,1239.00,
"Century Textiles &  Industries Ltd,",skip:no-address,,,,,5,0,1978.00,
